uf;comarca;processos
BA;Salvador;57
BA;Feira de Santana;8
BA;Lauro de Freitas;4
BA;Itaparica;3
BA;Jeremoabo;3
BA;Andaraí;2
BA;Brumado;2
BA;Camaçari;2
BA;Entre Rios;2
BA;Eunápolis;2
BA;Guanambi;2
BA;Ibotirama;2
BA;Ituaçu;2
BA;Jacobina;2
BA;Jequié;2
BA;Mata de São João;2
BA;Simões Filho;2
BA;Alagoinhas;1
BA;Barreiras;1
BA;Canarana;1
BA;Candeias;1
BA;Euclides da Cunha;1
BA;Iraquara;1
BA;Luís Eduardo Magalhães;1
BA;Maragogipe;1
BA;Morro do Chapéu;1
BA;Mutuípe;1
BA;Não informada;1
BA;Pojuca;1
BA;Poções;1
BA;Ribeira do Pombal;1
BA;Ruy Barbosa;1
BA;Santo Amaro;1
BA;Teixeira de Freitas;1
BA;Tucano;1
CE;Fortaleza;29
CE;Núcleo de Justiça 4.0 (virtual);23
CE;Sobral;12
CE;Limoeiro do Norte;5
CE;Crato;3
CE;Juazeiro do Norte;3
CE;Pacatuba;3
CE;Crateús;2
CE;Jaguaribe;2
CE;Maracanaú;2
CE;Maranguape;2
CE;Pentecoste;2
CE;Quixeramobim;2
CE;Tauá;2
CE;Acaraú;1
CE;Aquiraz;1
CE;Baturité;1
CE;Caucaia;1
CE;Cedro;1
CE;Horizonte;1
CE;Massapê;1
CE;Ocara;1
CE;Redenção;1
CE;São Benedito;1
CE;São Gonçalo do Amarante;1
CE;Tianguá;1
GO;São Simão;1
MG;Belo Horizonte;4
MG;Uberlândia;4
MG;Pirapora;3
MG;Santa Luzia;3
MG;Formiga;2
MG;Governador Valadares;2
MG;Betim;1
MG;Corinto;1
MG;Francisco Sá;1
MG;Ibirité;1
MG;Itabirito;1
MG;Itaúna;1
MG;Juatuba;1
MG;Juiz de Fora;1
MG;Mutum;1
MG;Pitangui;1
MG;Sete Lagoas;1
MG;São João del-Rei;1
MG;Três Corações;1
PB;João Pessoa;1
PE;Não informada;1
PE;Núcleo de Justiça 4.0 (virtual);1
PR;Ivaiporã;1
RJ;Guapimirim;2
RJ;Magé;2
RJ;Vassouras;1
RN;Apodi;1
RN;João Câmara;1
RN;Natal;1
RS;Pelotas;4
RS;Porto Alegre;4
RS;Alvorada;3
RS;Cachoeira do Sul;3
RS;Passo Fundo;3
RS;Caxias do Sul;2
RS;Caçapava do Sul;2
RS;Esteio;2
RS;Santiago;2
RS;Santo Antônio das Missões;2
RS;Santo Ângelo;2
RS;São Leopoldo;2
RS;Venâncio Aires;2
RS;Alegrete;1
RS;Arroio Grande;1
RS;Canguçu;1
RS;Canoas;1
RS;Capão da Canoa;1
RS;Gramado;1
RS;Gravataí;1
RS;Panambi;1
RS;Pedro Osório;1
RS;Quaraí;1
RS;Rodeio Bonito;1
RS;Santo Augusto;1
RS;Sapucaia do Sul;1
RS;Tenente Portela;1
RS;Tramandaí;1
SC;Itajaí;1
SE;Não informada;3
SP;Santo André;2
SP;Caraguatatuba;1
SP;Diadema;1
SP;São José do Rio Preto;1
SP;São Paulo;1
